-- MySQL dump 10.13  Distrib 8.0.27, for Win64 (x86_64)
--
-- Host: localhost    Database: evidentapopulatiei
-- ------------------------------------------------------
-- Server version	8.0.27

/*!40101 SET @OLD_CHARACTER_SET_CLIENT=@@CHARACTER_SET_CLIENT */;
/*!40101 SET @OLD_CHARACTER_SET_RESULTS=@@CHARACTER_SET_RESULTS */;
/*!40101 SET @OLD_COLLATION_CONNECTION=@@COLLATION_CONNECTION */;
/*!50503 SET NAMES utf8 */;
/*!40103 SET @OLD_TIME_ZONE=@@TIME_ZONE */;
/*!40103 SET TIME_ZONE='+00:00' */;
/*!40014 SET @OLD_UNIQUE_CHECKS=@@UNIQUE_CHECKS, UNIQUE_CHECKS=0 */;
/*!40014 SET @OLD_FOREIGN_KEY_CHECKS=@@FOREIGN_KEY_CHECKS, FOREIGN_KEY_CHECKS=0 */;
/*!40101 SET @OLD_SQL_MODE=@@SQL_MODE, SQL_MODE='NO_AUTO_VALUE_ON_ZERO' */;
/*!40111 SET @OLD_SQL_NOTES=@@SQL_NOTES, SQL_NOTES=0 */;

--
-- Table structure for table `acteidentitate`
--

DROP TABLE IF EXISTS `acteidentitate`;
/*!40101 SET @saved_cs_client     = @@character_set_client */;
/*!50503 SET character_set_client = utf8mb4 */;
CREATE TABLE `acteidentitate` (
  `ActID` int NOT NULL AUTO_INCREMENT,
  `Serie` char(2) NOT NULL,
  `Numar` char(6) NOT NULL,
  `Tip` char(1) NOT NULL DEFAULT 'C',
  `DataEmitere` date NOT NULL,
  `DataExpirare` date NOT NULL,
  `AutoritateEmitenta` varchar(50) CHARACTER SET utf8mb4 COLLATE utf8mb4_0900_ai_ci NOT NULL,
  `PersoanaID` int DEFAULT NULL,
  PRIMARY KEY (`ActID`),
  KEY `FK_ActeIdentitate_Persoane` (`PersoanaID`),
  CONSTRAINT `FK_ActeIdentitate_Persoane` FOREIGN KEY (`PersoanaID`) REFERENCES `persoane` (`PersoanaID`) ON DELETE CASCADE ON UPDATE CASCADE
) ENGINE=InnoDB AUTO_INCREMENT=33 DEFAULT CHARSET=utf8mb4 COLLATE=utf8mb4_0900_ai_ci;
/*!40101 SET character_set_client = @saved_cs_client */;

--
-- Dumping data for table `acteidentitate`
--

LOCK TABLES `acteidentitate` WRITE;
/*!40000 ALTER TABLE `acteidentitate` DISABLE KEYS */;
INSERT INTO `acteidentitate` VALUES (24,'PX','147258','C','2018-12-16','2025-12-15','SPCLEP Ploiesti',50),(25,'PX','754987','C','2009-09-10','2019-09-14','SPCLEP Urlati',51),(26,'PX','544215','B','2019-09-20','2029-09-14','SPCLEP Ploiesti',51),(27,'XZ','754265','C','2017-11-21','2027-02-02','SPCLEP Buzau',52),(28,'PX','652358','C','2020-11-21','2027-11-14','SPCLEP Sinaia',53),(32,'XZ','658794','C','2018-11-06','2022-11-06','SPCLEP Sectorul 1',58);
/*!40000 ALTER TABLE `acteidentitate` ENABLE KEYS */;
UNLOCK TABLES;

--
-- Table structure for table `impozite`
--

DROP TABLE IF EXISTS `impozite`;
/*!40101 SET @saved_cs_client     = @@character_set_client */;
/*!50503 SET character_set_client = utf8mb4 */;
CREATE TABLE `impozite` (
  `ImpozitID` int NOT NULL AUTO_INCREMENT,
  `Tip` varchar(20) CHARACTER SET utf8mb4 COLLATE utf8mb4_0900_ai_ci NOT NULL,
  `ProprietateID` int DEFAULT NULL,
  `PersoanaID` int NOT NULL,
  `Valoare` int NOT NULL,
  `DataEmitere` date NOT NULL,
  `DataScadenta` date DEFAULT NULL,
  `Achitat` char(1) NOT NULL DEFAULT '0',
  `Penalitati` int DEFAULT NULL,
  PRIMARY KEY (`ImpozitID`),
  KEY `FK_Impozite_Persoane` (`PersoanaID`),
  KEY `FK_Impozite_Proprietati` (`ProprietateID`),
  CONSTRAINT `FK_Impozite_Persoane` FOREIGN KEY (`PersoanaID`) REFERENCES `persoane` (`PersoanaID`) ON DELETE CASCADE ON UPDATE CASCADE,
  CONSTRAINT `FK_Impozite_Proprietati` FOREIGN KEY (`ProprietateID`) REFERENCES `proprietati` (`ProprietateID`) ON DELETE CASCADE ON UPDATE CASCADE
) ENGINE=InnoDB AUTO_INCREMENT=47 DEFAULT CHARSET=utf8mb4 COLLATE=utf8mb4_0900_ai_ci;
/*!40101 SET character_set_client = @saved_cs_client */;

--
-- Dumping data for table `impozite`
--

LOCK TABLES `impozite` WRITE;
/*!40000 ALTER TABLE `impozite` DISABLE KEYS */;
INSERT INTO `impozite` VALUES (35,'cladire',34,51,240,'2022-01-01','2023-01-01','0',0),(36,'teren',35,51,123,'2022-01-01','2023-01-01','0',0),(37,'auto',NULL,52,1400,'2022-01-01','2023-01-01','1',0),(38,'cladire',36,52,700,'2022-01-01','2023-01-01','0',0),(39,'teren',37,52,340,'2022-01-01','2023-01-01','1',0),(44,'teren',37,52,23,'2022-02-01','2023-02-03','0',4),(45,'cladire',39,58,240,'2022-01-01','2023-01-01','0',0),(46,'teren',40,58,87,'2022-01-01','2023-01-01','0',0);
/*!40000 ALTER TABLE `impozite` ENABLE KEYS */;
UNLOCK TABLES;

--
-- Table structure for table `persoane`
--

DROP TABLE IF EXISTS `persoane`;
/*!40101 SET @saved_cs_client     = @@character_set_client */;
/*!50503 SET character_set_client = utf8mb4 */;
CREATE TABLE `persoane` (
  `PersoanaID` int NOT NULL AUTO_INCREMENT,
  `Nume` varchar(30) CHARACTER SET utf8mb4 COLLATE utf8mb4_0900_ai_ci NOT NULL,
  `Prenume` varchar(50) CHARACTER SET utf8mb4 COLLATE utf8mb4_0900_ai_ci NOT NULL,
  `CNP` char(13) NOT NULL,
  `NumarTelefon` char(10) DEFAULT NULL,
  `Email` varchar(255) DEFAULT NULL,
  `Strada` varchar(50) CHARACTER SET utf8mb4 COLLATE utf8mb4_0900_ai_ci NOT NULL,
  `Numar` varchar(5) CHARACTER SET utf8mb4 COLLATE utf8mb4_0900_ai_ci NOT NULL,
  `Apartament` varchar(5) CHARACTER SET utf8mb4 COLLATE utf8mb4_0900_ai_ci DEFAULT NULL,
  `Bloc` varchar(5) CHARACTER SET utf8mb4 COLLATE utf8mb4_0900_ai_ci DEFAULT NULL,
  `Sex` char(1) NOT NULL,
  `DataNasterii` date NOT NULL,
  `StareCivila` varchar(20) CHARACTER SET utf8mb4 COLLATE utf8mb4_0900_ai_ci NOT NULL,
  `ActID` int DEFAULT NULL,
  PRIMARY KEY (`PersoanaID`),
  UNIQUE KEY `IX_Persoane` (`CNP`),
  KEY `FK_Persoane_ActeIdentitate` (`ActID`),
  CONSTRAINT `FK_Persoane_ActeIdentitate` FOREIGN KEY (`ActID`) REFERENCES `acteidentitate` (`ActID`) ON DELETE SET NULL ON UPDATE CASCADE
) ENGINE=InnoDB AUTO_INCREMENT=60 DEFAULT CHARSET=utf8mb4 COLLATE=utf8mb4_0900_ai_ci;
/*!40101 SET character_set_client = @saved_cs_client */;

--
-- Dumping data for table `persoane`
--

LOCK TABLES `persoane` WRITE;
/*!40000 ALTER TABLE `persoane` DISABLE KEYS */;
INSERT INTO `persoane` VALUES (50,'Nastase','Stefan-Iulian','1231215123456','0720277277','stefan.nastase@dlep.ro','Victoriei','6','36','4F','M','2000-12-15','necasatorit',24),(51,'Petrescu','Adriana','2940905278965','0745678951','apetrescu@yahoo.com','Marasesti','9','24','2F','F','1994-09-05','casatorit',26),(52,'Dumitrache','Marius-Valentin','1720202297856','0764325875','dumi.marius@dsp.ro','1918','25','','','M','1974-02-02','divortat',27),(53,'Poenaru','Emilia','6021114304521','0721212111','emilia.poenaru@gmail.com','Plutei','9','32','5F','F','2002-10-14','necasatorit',28),(58,'Moisescu','Mihai','1750604243265','0742587633','mihai.moisescu@comp.ro','Regele Mihai','1','','','M','1975-06-04','divortat',32),(59,'Ionescu','Mihai','1234567891235','0720456789','mihai@ionescu.ro','Victoriei','4','','','F','1999-05-06','necasatorit',NULL);
/*!40000 ALTER TABLE `persoane` ENABLE KEYS */;
UNLOCK TABLES;

--
-- Table structure for table `persoaneproprietati`
--

DROP TABLE IF EXISTS `persoaneproprietati`;
/*!40101 SET @saved_cs_client     = @@character_set_client */;
/*!50503 SET character_set_client = utf8mb4 */;
CREATE TABLE `persoaneproprietati` (
  `PersoanaID` int NOT NULL,
  `ProprietateID` int NOT NULL,
  `DataDobandire` date NOT NULL,
  PRIMARY KEY (`PersoanaID`,`ProprietateID`),
  KEY `FK_PersoaneProprietati_Proprietati` (`ProprietateID`),
  CONSTRAINT `FK_PersoaneProprietati_Persoane` FOREIGN KEY (`PersoanaID`) REFERENCES `persoane` (`PersoanaID`) ON DELETE CASCADE ON UPDATE CASCADE,
  CONSTRAINT `FK_PersoaneProprietati_Proprietati` FOREIGN KEY (`ProprietateID`) REFERENCES `proprietati` (`ProprietateID`) ON DELETE CASCADE ON UPDATE CASCADE
) ENGINE=InnoDB DEFAULT CHARSET=utf8mb4 COLLATE=utf8mb4_0900_ai_ci;
/*!40101 SET character_set_client = @saved_cs_client */;

--
-- Dumping data for table `persoaneproprietati`
--

LOCK TABLES `persoaneproprietati` WRITE;
/*!40000 ALTER TABLE `persoaneproprietati` DISABLE KEYS */;
INSERT INTO `persoaneproprietati` VALUES (50,33,'2021-06-06'),(51,34,'2019-05-05'),(51,35,'2016-08-03'),(52,36,'2008-05-02'),(52,37,'2006-07-07'),(53,34,'2019-05-05'),(53,35,'2016-08-03'),(58,39,'2018-03-02'),(58,40,'2017-04-02');
/*!40000 ALTER TABLE `persoaneproprietati` ENABLE KEYS */;
UNLOCK TABLES;

--
-- Table structure for table `programari`
--

DROP TABLE IF EXISTS `programari`;
/*!40101 SET @saved_cs_client     = @@character_set_client */;
/*!50503 SET character_set_client = utf8mb4 */;
CREATE TABLE `programari` (
  `ProgramareID` int NOT NULL AUTO_INCREMENT,
  `Motiv` varchar(255) DEFAULT NULL,
  `Data` date NOT NULL,
  `Ora` time NOT NULL,
  `PersoanaID` int NOT NULL,
  PRIMARY KEY (`ProgramareID`),
  KEY `FK_Programari_Persoane_idx` (`PersoanaID`),
  CONSTRAINT `FK_Programari_Persoane` FOREIGN KEY (`PersoanaID`) REFERENCES `persoane` (`PersoanaID`) ON DELETE CASCADE ON UPDATE CASCADE
) ENGINE=InnoDB AUTO_INCREMENT=13 DEFAULT CHARSET=utf8mb4 COLLATE=utf8mb4_0900_ai_ci;
/*!40101 SET character_set_client = @saved_cs_client */;

--
-- Dumping data for table `programari`
--

LOCK TABLES `programari` WRITE;
/*!40000 ALTER TABLE `programari` DISABLE KEYS */;
INSERT INTO `programari` VALUES (9,'plata impozite','2022-02-01','08:30:00',50),(10,'eliberare certificat casatorie','2022-01-19','10:40:00',51),(12,'eliberare act identitate','2022-02-03','08:15:00',58);
/*!40000 ALTER TABLE `programari` ENABLE KEYS */;
UNLOCK TABLES;

--
-- Table structure for table `proprietati`
--

DROP TABLE IF EXISTS `proprietati`;
/*!40101 SET @saved_cs_client     = @@character_set_client */;
/*!50503 SET character_set_client = utf8mb4 */;
CREATE TABLE `proprietati` (
  `ProprietateID` int NOT NULL AUTO_INCREMENT,
  `Categoria` varchar(20) CHARACTER SET utf8mb4 COLLATE utf8mb4_0900_ai_ci NOT NULL,
  `Strada` varchar(50) CHARACTER SET utf8mb4 COLLATE utf8mb4_0900_ai_ci NOT NULL,
  `Numar` varchar(5) CHARACTER SET utf8mb4 COLLATE utf8mb4_0900_ai_ci NOT NULL,
  `Bloc` varchar(5) CHARACTER SET utf8mb4 COLLATE utf8mb4_0900_ai_ci DEFAULT NULL,
  `Apartament` varchar(5) CHARACTER SET utf8mb4 COLLATE utf8mb4_0900_ai_ci DEFAULT NULL,
  `Suprafata` int NOT NULL,
  `NumarProprietari` int NOT NULL DEFAULT '1',
  PRIMARY KEY (`ProprietateID`)
) ENGINE=InnoDB AUTO_INCREMENT=41 DEFAULT CHARSET=utf8mb4 COLLATE=utf8mb4_0900_ai_ci;
/*!40101 SET character_set_client = @saved_cs_client */;

--
-- Dumping data for table `proprietati`
--

LOCK TABLES `proprietati` WRITE;
/*!40000 ALTER TABLE `proprietati` DISABLE KEYS */;
INSERT INTO `proprietati` VALUES (33,'apartament','Victoriei','6','4F','36',74,1),(34,'casa','Plutei','9','','',142,2),(35,'teren','Plutei','9','','',300,2),(36,'casa','1918','25','','',320,1),(37,'teren','1918','25','','',1000,1),(38,'apartament','Splaiul Independetei','297','P24','205',12,1),(39,'casa','Regele Mihai','1','','',400,1),(40,'teren','Regele Mihai','1','','',1000,1);
/*!40000 ALTER TABLE `proprietati` ENABLE KEYS */;
UNLOCK TABLES;

--
-- Table structure for table `sysdiagrams`
--

DROP TABLE IF EXISTS `sysdiagrams`;
/*!40101 SET @saved_cs_client     = @@character_set_client */;
/*!50503 SET character_set_client = utf8mb4 */;
CREATE TABLE `sysdiagrams` (
  `name` varchar(160) NOT NULL,
  `principal_id` int NOT NULL,
  `diagram_id` int NOT NULL,
  `version` int DEFAULT NULL,
  `definition` longblob,
  PRIMARY KEY (`diagram_id`),
  UNIQUE KEY `UK_principal_name` (`principal_id`,`name`)
) ENGINE=InnoDB DEFAULT CHARSET=utf8mb4 COLLATE=utf8mb4_0900_ai_ci;
/*!40101 SET character_set_client = @saved_cs_client */;

--
-- Dumping data for table `sysdiagrams`
--

LOCK TABLES `sysdiagrams` WRITE;
/*!40000 ALTER TABLE `sysdiagrams` DISABLE KEYS */;
INSERT INTO `sysdiagrams` VALUES ('Diagrama',1,1,1,_binary '\Ð\Ïà¡±\Z\á\0\0\0\0\0\0\0\0\0\0\0\0\0\0\0\0>\0\0þÿ	\0\0\0\0\0\0\0\0\0\0\0\0\0\0\0\0\0\0\0\0\0\0\0\0\0\0\0\0\0\0\0þÿÿÿ\0\0\0\0\0\0\0\0ÿÿÿÿÿÿÿÿÿÿÿÿÿÿÿÿÿÿÿÿÿÿÿÿÿÿÿÿÿÿÿÿÿÿÿÿÿÿÿÿÿÿÿÿÿÿÿÿÿÿÿÿÿÿÿÿÿÿÿÿÿÿÿÿÿÿÿÿÿÿÿÿÿÿÿÿÿÿÿÿÿÿÿÿÿÿÿÿÿÿÿÿÿÿÿÿÿÿÿÿÿÿÿÿÿÿÿÿÿÿÿÿÿÿÿÿÿÿÿÿÿÿÿÿÿÿÿÿÿÿÿÿÿÿÿÿÿÿÿÿÿÿÿÿÿÿÿÿÿÿÿÿÿÿÿÿÿÿÿÿÿÿÿÿÿÿÿÿÿÿÿÿÿÿÿÿÿÿÿÿÿÿÿÿÿÿÿÿÿÿÿÿÿÿÿÿÿÿÿÿÿÿÿÿÿÿÿÿÿÿÿÿÿÿÿÿÿÿÿÿÿÿÿÿÿÿÿÿÿÿÿÿÿÿÿÿÿÿÿÿÿÿÿÿÿÿÿÿÿÿÿÿÿÿÿÿÿÿÿÿÿÿÿÿÿÿÿÿÿÿÿÿÿÿÿÿÿÿÿÿÿÿÿÿÿÿÿÿÿÿÿÿÿÿÿÿÿÿÿÿÿÿÿÿÿÿÿÿÿÿÿÿÿÿÿÿÿÿÿÿÿÿÿÿÿÿÿÿÿÿÿÿÿÿÿÿÿÿÿÿÿÿÿÿÿÿÿÿÿÿÿÿÿÿÿÿÿÿÿÿÿÿÿÿÿÿÿÿÿÿÿÿÿÿÿÿÿÿÿÿÿÿÿÿÿÿÿÿÿÿÿÿÿÿÿÿÿÿÿÿÿÿÿÿÿÿÿÿÿÿÿÿÿÿÿÿÿÿÿÿÿÿÿÿÿÿÿÿÿÿÿÿýÿÿÿ\0\0\0þÿÿÿ\0\0\0\0\0\0\0\0\0\0\0\0\0\0\0	\0\0\0\n\0\0\0\0\0\0\0\0\0\r\0\0\0\0\0\0\0\0\0\0\0\0\0\0\0þÿÿÿþÿÿÿ\0\0\0\0\0\0\0\0\0\0\0\0\0\0\0\0\0\0\Z\0\0\0\0\0\0þÿÿÿ\0\0\0þÿÿÿÿÿÿÿÿÿÿÿÿÿÿÿÿÿÿÿÿÿÿÿÿÿÿÿÿÿÿÿÿÿÿÿÿÿÿÿÿÿÿÿÿÿÿÿÿÿÿÿÿÿÿÿÿÿÿÿÿÿÿÿÿÿÿÿÿÿÿÿÿÿÿÿÿÿÿÿÿÿÿÿÿÿÿÿÿÿÿÿÿÿÿÿÿÿÿÿÿÿÿÿÿÿÿÿÿÿÿÿÿÿÿÿÿÿÿÿÿÿÿÿÿÿÿÿÿÿÿÿÿÿÿÿÿÿÿÿÿÿÿÿÿÿÿÿÿÿÿÿÿÿÿÿÿÿÿÿÿÿÿÿÿÿÿÿÿÿÿÿÿÿÿÿÿÿÿÿÿÿÿÿÿÿÿÿÿÿÿÿÿÿÿÿÿÿÿÿÿÿÿÿÿÿÿÿÿÿÿÿÿÿÿÿÿÿÿÿÿÿÿÿÿÿÿÿÿÿÿÿÿÿÿÿÿÿÿÿÿÿÿÿÿÿÿÿÿÿÿÿÿÿÿÿÿÿÿÿÿÿÿÿÿÿÿÿÿÿÿÿÿÿÿÿÿÿÿÿÿÿÿÿÿÿÿÿÿÿÿÿÿÿÿÿÿÿÿÿÿÿÿÿÿÿÿÿÿÿÿÿÿÿÿÿÿÿÿÿÿÿÿÿÿÿÿÿÿÿÿÿÿÿÿÿÿÿÿÿÿÿÿÿÿÿÿÿÿÿÿÿÿÿÿÿÿÿÿÿÿÿÿÿÿÿÿÿÿÿÿÿÿÿÿÿÿÿÿÿÿÿÿÿÿÿÿÿÿÿÿÿÿÿÿÿR\0o\0o\0t\0 \0E\0n\0t\0r\0y\0\0\0\0\0\0\0\0\0\0\0\0\0\0\0\0\0\0\0\0\0\0\0\0\0\0\0\0\0\0\0\0\0\0\0\0\0\0\0\0\0\0\0\0\0\0\0ÿÿÿÿÿÿÿÿ\0\0\0\0\0\0\0\0\0\0\0\0\0\0\0\0\0\0\0\0\0\0\0\0\0\0\0\0\0\0\0ð/2®Ÿ\Ì\×\0\0\0\0\0\0\0\0\0\0f\0\0\0\0\0\0\0\0\0\0\0\0\0\0\0\0\0\0\0\0\0\0\0\0\0\0\0\0\0\0\0\0\0\0\0\0\0\0\0\0\0\0\0\0\0\0\0\0\0\0\0\0\0\0\0\0\0\0\0\0\0\0\0\0ÿÿÿÿÿÿÿÿÿÿÿÿ\0\0\0\0\0\0\0\0\0\0\0\0\0\0\0\0\0\0\0\0\0\0\0\0\0\0\0\0\0\0\0\0\0\0\0\0\0\0\0\0F\0\0\0\0\0\0o\0\0\0\0\0\0\0\0\0\0\0\0\0\0\0\0\0\0\0\0\0\0\0\0\0\0\0\0\0\0\0\0\0\0\0\0\0\0\0\0\0\0\0\0\0\0\0\0\0\0\0\0\0\0\0\0\0\0\0\0\0\0\0\0\0\0\0\0\0\0ÿÿÿÿ\0\0\0\0\0\0\0\0\0\0\0\0\0\0\0\0\0\0\0\0\0\0\0\0\0\0\0\0\0\0\0\0\0\0\0\0\0\0\0N\0\0\0\0\0\0\0C\0o\0m\0p\0O\0b\0j\0\0\0\0\0\0\0\0\0\0\0\0\0\0\0\0\0\0\0\0\0\0\0\0\0\0\0\0\0\0\0\0\0\0\0\0\0\0\0\0\0\0\0\0\0\0\0\0\0\0ÿÿÿÿÿÿÿÿÿÿÿÿ\0\0\0\0\0\0\0\0\0\0\0\0\0\0\0\0\0\0\0\0\0\0\0\0\0\0\0\0\0\0\0\0\0\0\0\0\Z\0\0\0_\0\0\0\0\0\0\0\0\0\0\0\0\0\0\0\0\0\0\0\0\0\0\0\0\0\0\0\0\0\0\0	\0\0\0\n\0\0\0\0\0\0\0\0\0\r\0\0\0\0\0\0\0\0\0\0\0\0\0\0\0\0\0\0\0\0\0\0\0\0\0\0\0\0\0\0\0\0\0\0\0\0\0\0\0þÿÿÿ\0\0\0þÿÿÿþÿÿÿ\0\0\0\0\0\0 \0\0\0!\0\0\0\"\0\0\0#\0\0\0$\0\0\0%\0\0\0&\0\0\0\'\0\0\0(\0\0\0)\0\0\0*\0\0\0þÿÿÿþÿÿÿÿÿÿÿÿÿÿÿÿÿÿÿÿÿÿÿÿÿÿÿÿÿÿÿÿÿÿÿÿÿÿÿÿÿÿÿÿÿÿÿÿÿÿÿÿÿÿÿÿÿÿÿÿÿÿÿÿÿÿÿÿÿÿÿÿÿÿÿÿÿÿÿÿÿÿÿÿÿÿÿÿÿÿÿÿÿÿÿÿÿÿÿÿÿÿÿÿÿÿÿÿÿÿÿÿÿÿÿÿÿÿÿÿÿÿÿÿÿÿÿÿÿÿÿÿÿÿÿÿÿÿÿÿÿÿÿÿÿÿÿÿÿÿÿÿÿÿÿÿÿÿÿÿÿÿÿÿÿÿÿÿÿÿÿÿÿÿÿÿÿÿÿÿÿÿÿÿÿÿÿÿÿÿÿÿÿÿÿÿÿÿÿÿÿÿÿÿÿÿÿÿÿÿÿÿÿÿÿÿÿÿÿÿÿÿÿÿÿÿÿÿÿÿÿÿÿÿÿÿÿÿÿÿÿÿÿÿÿÿÿÿÿÿÿÿÿÿÿÿÿÿÿÿÿÿÿÿÿÿÿÿÿÿÿÿÿÿÿÿÿÿÿÿÿÿÿÿÿÿÿÿÿÿÿÿÿÿÿÿÿÿÿÿÿÿÿÿÿÿÿÿÿÿÿÿÿÿÿÿÿÿÿÿÿÿÿÿÿÿÿÿÿÿÿÿÿÿÿÿÿÿÿÿÿÿÿ\04\0\nP\0\0€\0\0\0\0ÿÿP\0\0\0\0\0\0\0}\0\0\æv\0\0 D\0\0Ú­\0\0j\0\0ò\Õÿÿ¥\0\0Þ€[ñ•\Ð° \0ª\0½\Ë\\\0\0\00\0\0\0\0\0\0\0\0\0<\0k\0\0\0	\0\0\0\0\0\0\0\Ù\æ°\é\Ð­Q\0 \ÉW9ô;„a\ÇC…5)†\á\ÕRø 2}²\Øb•B˜\'<%¢\Ú-\0\0(\0C\0\0\0\0\0\0\0SDM\Ò\ÑŽc\0`—\Ò\ßH4\É\Òwyw\Øp\0[„\rœ\0\0(\0C\0\0\0\0\0\0\0QDM\Ò\ÑŽc\0`—\Ò\ßH4\É\Òwyw\Øp\0[„\rœ\0\0\0P\0\0\0’\0\08\0¥	\0\0\0\0€\0\0\0®\0\0\0€\0\0\0\0€SchGrid\0–K\0\0ˆ,\0\0ActeIdentitate\0\0\0\00\0¥	\0\0\0\0€\0\0\0ž\0\0\0€\0\0\0\0€SchGrid\0n(\0\0PF\0\0Amenzid\0\0\00\0¥	\0\0\0\0€\0\0\0¢\0\0\0€\0\0\0\0€SchGrid\0\\\àÿÿH?\0\0Impozite\0\00\0¥	\0\0\0\0€\0\0\0¢\0\0\0€\0\0\0\0€SchGrid\0)\0\0^\Z\0\0Persoane\0\0l\0¥	\0\0\0\0€\0\0\0R\0\0\0€\0\0A\0\0€Control\0\ç4\0\0ƒ>\0\0Relationship \'FK_Amenzi_Persoane\' between \'Persoane\' and \'Amenzi\'\0\0\0\0\0(\0µ\0\0\0\0€\0\0\01\0\0\0W\0\0\0€\0\0Control-7\0\0C\0\0\0\0p\0¥	\0\0\0\0€\0\0\0b\0\0\0€\0\0E\0\0€Control\0œúÿÿ\Ý>\0\0Relationship \'FK_Impozite_Persoane\' between \'Persoane\' and \'Impozite\'\0\0\0\0\0(\0µ\0\0\0\0€\0\0\01\0\0\0[\0\0\0€\0\0Control\02\0\0#A\0\0\0\0|\0¥	\0\0\0\0€	\0\0\0R\0\0\0€\0\0Q\0\0€Control\0gC\0\0‡+\0\0Relationship \'FK_Persoane_ActeIdentitate\' between \'ActeIdentitate\' and \'Persoane\'\0\0\0\0(\0µ\0\0\0\0€\n\0\0\01\0\0\0g\0\0\0€\0\0Controle/A\0\0+\0\0\0\0<\0¥	\0\0\0\0€\r\0\0\0¸\0\0\0€\0\0\0\0€SchGridX\0\0ô\Z\0\0PersoaneProprietati\0\0\0„\0¥	\0\0\0\0€\0\0\0R\0\0\0€\0\0[\0\0€Control\0™\0\0S#\0\0Relationship \'FK_PersoaneProprietati_Persoane\' between \'Persoane\' and \'PersoaneProprietati\'\0\0\0(\0µ\0\0\0\0€\0\0\01\0\0\0q\0\0\0€\0\0Controle²\Z\0\0\è\"\0\0\0\04\0¥	\0\0\0\0€\0\0\0¨\0\0\0€\0\0\0\0€SchGrid\0\\\àÿÿô\Z\0\0Proprietati\0\0\0Œ\0¥	\0\0\0\0€\0\0\0R\0\0\0€\0\0a\0\0€Control\0Àúÿÿ\é#\0\0Relationship \'FK_PersoaneProprietati_Proprietati\' between \'Proprietati\' and \'PersoaneProprietati\'\09\0\0\0(\0µ\0\0\0\0€\0\0\01\0\0\0w\0\0\0€\0\0Control\0-öÿÿ~#\0\0\0\0t\0¥	\0\0\0\0€\0\0\0R\0\0\0€\0\0K\0\0€Control\0Góÿÿ»1\0\0Relationship \'FK_Impozite_Proprietati\' between \'Proprietati\' and \'Impozite\'\0\0\0(\0µ\0\0\0\0€\0\0\01\0\0\0a\0\0\0€\0\0Control\0õÿÿ\Õ8\0\0\0\0\0\0\0\0\0\0\0\0\0\0\0\0\0\0\0\0\0\0\0\0\0\0\0\0\0\0\0\0\0\0\0\0\0\0\0\0\0\0\0\0\0\0\0\0\0\0\0\0\0\0\0\0\0\0\0\0\0þÿ\n\0\0ÿÿÿÿ\0\0\0\0\0\0\0\0\0\0\0\0\0\0\0\0\0\0\0Microsoft DDS Form 2.0\0\0\0\0Embedded Object\0\0\0\0\0ô9²q\0\0\0\0\0\0\0\0\0\0\0\0\0\0\0\0\0\0\0\0\0\0\0\0\0\0\0\0\0\0\0\0\0\0\0\0\0\0\0\0\0\0\0\0\0\0\0\0\0\0\0\0\0\0\0\0\0\0\0Na¼\0\0\0\0\0\0\0\0\0\0\0\0\0\0\0\0\0\0\0\0\0\0\0\0\0\0\0\0\0\0\0\0\0\0\0\0\0\0\0\0\0\0\0\Û\æ°\é\Ð­Q\0 \ÉW9\0\0\0ðM-®Ÿ\Ì\×\0\0HE\0\0\0\0\0\0\0\0\0\0\0\0\0\0\0\0\0´\0\0D\0a\0t\0a\0 \0S\0o\0u\0r\0c\0e\0=\0D\0E\0S\0K\0T\0O\0P\0-\0E\0G\0I\0I\0V\0A\06\0\\\0S\0Q\0L\0E\0X\0P\0R\0E\0S\0S\0;\0I\0n\0i\0t\0i\0a\0l\0 \0C\0a\0t\0a\0l\0o\0g\0=\0E\0v\0i\0d\0e\0n\0t\0a\0P\0o\0p\0u\0l\0!C4\0\0\0\0\0\Z\0\0xV4\0\0\0\0\0A\0c\0t\0e\0I\0d\0e\0n\0t\0i\0t\0a\0t\0e\0\0\0S\0-\01\0-\01\02\0-\01\0-\06\08\02\09\06\01\01\05\03\0-\01\01\01\09\06\04\09\04\03\09\0-\07\07\08\09\09\03\03\03\00\0-\03\01\08\00\03\04\09\04\05\09\0\\\0S\0O\0F\0T\0W\0A\0R\0E\0\\\0M\0i\0c\0r\0o\0s\0o\0f\0t\0\\\0S\0Q\0L\0 \0S\0e\0r\0v\0e\0r\0 \0M\0a\0n\0a\0g\0e\0m\0e\0n\0t\0 \0S\0t\0u\0d\0i\0o\0\\\01\02\0.\00\0_\0\0\0\0\0\0\0\0\0\0\0\0\0\0\0\0\0T\0\0\0,\0\0\0,\0\0\0,\0\0\04\0\0\0\0\0\0\0\0\0\0\04\0\0G\0\0\0\0\0\0-\0\0\n\0\0\0\0\0\0\0\0\0\0\0ˆ\0\0l	\0\0H\0\0,\0\0\è\0\0<\0\0H\0\0À\0\0H\0\0ø\0\0p\0\0\0\0\0\0\0\0\0\0\0\Z\0\0\0\0\0\0\0\0\0\0\0\0\0\0\0\0\0\0\0\0h\r\0\0\0\0\0\0\0\0\0:\0\00\0\0\0\0\0\0\0\0\0\0\0\0\0\0\0\0\0\0\0\0ˆ\0\0\0\0\0\0\0\0\0:\0\0¹\0\0\0\0\0\0\0\0\0\0\0\0\0\0\0\0\0\0\0\0\0\0ˆ\0\0\0\0\0\0\0\0\0\0+?\0\0ú\"\0\0\0\0\0\0\0\0\0\0\r\0\0\0\0\0\0\0\0\0\0\0ˆ\0\0¤\r\0\0X\0\0xV4\0\0\0f\0\0\0\0\0\0\0\0\0\0\0\0\0\0\0\0\0\0\0\0\0\0\0\0\0\0\0\0\0\0\0\0\0\0\0\0\0\0\0\0	\0\0\0\n\0\0\0\0\0\0d\0b\0o\0\0\0\0\0\0A\0c\0t\0e\0I\0d\0e\0n\0t\0i\0t\0a\0t\0e\0\0\0!C4\0\0\0\0\0\0\0xV4\0\0\0\0\0A\0m\0e\0n\0z\0i\0\0\0R\0Y\0\\\0U\0S\0E\0R\0\\\0S\0-\01\0-\01\02\0-\01\0-\06\08\02\09\06\01\01\05\03\0-\01\01\01\09\06\04\09\04\03\09\0-\07\07\08\09\09\03\03\03\00\0-\03\01\08\00\03\04\09\04\05\09\0\\\0S\0O\0F\0T\0W\0A\0R\0E\0\\\0M\0i\0c\0r\0o\0s\0o\0f\0t\0\\\0S\0Q\0L\0 \0S\0e\0r\0v\0e\0r\0 \0M\0a\0n\0a\0g\0e\0m\0e\0n\0t\0 \0S\0t\0u\0d\0i\0o\0\\\01\02\0.\00\0_\0\0\0\0\0\0\0\0\0\0\0\0\0\0\0\0\0T\0\0\0,\0\0\0,\0\0\0,\0\0\04\0\0\0\0\0\0\0\0\0\0\04\0\0\Z\0\0\0\0\0\0-\0\0	\0\0\0\0\0\0\0\0\0\0\0ˆ\0\0l	\0\0H\0\0,\0\0\è\0\0<\0\0H\0\0À\0\0H\0\0ø\0\0p\0\0\0\0\0\0\0\0\0\0\0\0\0\0\0\0\0\0\0\0\0\0\0\0\0\0\0\0\0\0\0h\r\0\0\0\0\0\0\0\0\0:\0\00\0\0\0\0\0\0\0\0\0\0\0\0\0\0\0\0\0\0\0\0ˆ\0\0\0\0\0\0\0\0\0:\0\0¹\0\0\0\0\0\0\0\0\0\0\0\0\0\0\0\0\0\0\0\0\0\0ˆ\0\0\0\0\0\0\0\0\0\0+?\0\0ú\"\0\0\0\0\0\0\0\0\0\0\r\0\0\0\0\0\0\0\0\0\0\0ˆ\0\0¤\r\0\0X\0\0xV4\0\0\0V\0\0\0\0\0\0\0\0\0\0\0\0\0\0\0\0\0\0\0\0\0\0\0\0\0\0\0\0\0\0\0\0\0\0\0\0\0\0\0\0	\0\0\0\n\0\0\0\0\0\0d\0b\0o\0\0\0\0\0\0A\0m\0e\0n\0z\0i\0\0\0!C4\0\0\0l\0\0¼\Z\0\0xV4\0\0\0\0\0I\0m\0p\0o\0z\0i\0t\0e\0\0\0\\\0U\0S\0E\0R\0\\\0S\0-\01\0-\01\02\0-\01\0-\06\08\02\09\06\01\01\05\03\0-\01\01\01\09\06\04\09\04\03\09\0-\07\07\08\09\09\03\03\03\00\0-\03\01\08\00\03\04\09\04\05\09\0\\\0S\0O\0F\0T\0W\0A\0R\0E\0\\\0M\0i\0c\0r\0o\0s\0o\0f\0t\0\\\0S\0Q\0L\0 \0S\0e\0r\0v\0e\0r\0 \0M\0a\0n\0a\0g\0e\0m\0e\0n\0t\0 \0S\0t\0u\0d\0i\0o\0\\\01\02\0.\00\0_\0\0\0\0\0\0\0\0\0\0\0\0\0\0\0\0\0T\0\0\0,\0\0\0,\0\0\0,\0\0\04\0\0\0\0\0\0\0\0\0\0\04\0\0G\0\0\0\0\0\0-\0\0\n\0\0\0\0\0\0\0\0\0\0\0ˆ\0\0l	\0\0H\0\0,\0\0\è\0\0<\0\0H\0\0À\0\0H\0\0ø\0\0p\0\0\0\0\0\0\0\0\0l\0\0¼\Z\0\0\0\0\0\0\0\0\0\0\0\0\0\0\0\0\0\0\0\0\\\r\0\0\0\0\0\0\0\0\0:\0\0k\n\0\0\0\0\0\0\0\0\0\0\0\0\0\0\0\0\0\0\0\0ˆ\0\0\0\0\0\0\0\0\0:\0\0¹\0\0\0\0\0\0\0\0\0\0\0\0\0\0\0\0\0\0\0\0\0\0ˆ\0\0\0\0\0\0\0\0\0\0+?\0\0ú\"\0\0\0\0\0\0\0\0\0\0\r\0\0\0\0\0\0\0\0\0\0\0ˆ\0\0¤\r\0\0X\0\0xV4\0\0\0Z\0\0\0\0\0\0\0\0\0\0\0\0\0\0\0\0\0\0\0\0\0\0\0\0\0\0\0\0\0\0\0\0\0\0\0\0\0\0\0\0	\0\0\0\n\0\0\0\0\0\0d\0b\0o\0\0\0	\0\0\0I\0m\0p\0o\0z\0i\0t\0e\0\0\0!C4\0\0\0\0\0\Ü&\0\0xV4\0\0\0\0\0P\0e\0r\0s\0o\0a\0n\0e\0\0\0\0\0\0\0\0\0\0\0\0\0\0\0\0\0\0\0\0\0\0\0\0\0\0\0\0\0\0\0\0\0\0\0\0\0\0\0\0\0\0\0\0\0\0\0\0\0\0\0\0\0\0\0\0\0\0\0\0\0\0\0\0\0\0\0\0\0\0\0\0\0\0\0\0\0\0\0\0\0\0\0\0\0\0\0\0\0\0\0\0\0\0\0\0\0\0\0\0\0\0\0\0\0\0\0\0\0\0\0\0\0\0\0\0\0\0\0\0\0\0\0\0\0\0\0\0\0\0\0\0\0\0\0\0\0\0\0\0\0\0\0\0\0\0\0\0\0\0\0\0\0\0\0\0\0\0\0\0\0\0\0\0\0\0\0\0\0\0\0\0\0\0\0\0\0\0\0\0\0\0\0\0\0\0\0\0\0\0\0\0\0\0\0\0\0\0\0\0\0\0\0\0\0\0\0\0\0\0\0\0\0\0\0\0\0\0\0\0\0\0\0\0\0\0\0\0\0\0\0\0\0\0\0\0\0T\0\0\0,\0\0\0,\0\0\0,\0\0\04\0\0\0\0\0\0\0\0\0\0\04\0\0ú\"\0\0\0\0\0\0-\0\0\r\0\0\0\0\0\0\0\0\0\0\0ˆ\0\0l	\0\0H\0\0,\0\0\è\0\0<\0\0H\0\0À\0\0H\0\0ø\0\0p\0\0\0\0\0\0\0\0\0\0\0\Ü&\0\0\0\0\0\0\r\0\0\0\0\0\0\0\0\0\0\0\0\0\0h\r\0\0\0\0\0\0\0\0\0:\0\0k\n\0\0\0\0\0\0\0\0\0\0\0\0\0\0\0\0\0\0\0\0ˆ\0\0\0\0\0\0\0\0\0:\0\0¹\0\0\0\0\0\0\0\0\0\0\0\0\0\0\0\0\0\0\0\0\0\0ˆ\0\0\0\0\0\0\0\0\0\0+?\0\0ú\"\0\0\0\0\0\0\0\0\0\0\r\0\0\0\0\0\0\0\0\0\0\0ˆ\0\0¤\r\0\0X\0\0xV4\0\0\0Z\0\0\0\0\0\0\0\0\0\0\0\0\0\0\0\0\0\0\0\0\0\0\0\0\0\0\0\0\0\0\0\0\0\0\0\0\0\0\0\0	\0\0\0\n\0\0\0\0\0\0d\0b\0o\0\0\0	\0\0\0P\0e\0r\0s\0o\0a\0n\0e\0\0\0\0\0~6\0\0:A\0\0~6\0\0PF\0\0\0\0\0\0\0\0\0ððð\0\0\0\0\0\0\0\0\0\0\0\0\0\0\0\0\0\0\0\0\0\0\0\0\0\0\0-7\0\0C\0\0\0\0S\0\01\0\0\0\0\0\0\0\0\0S\0\0\0\0\0\0\0\0\0€\0\0€\0\0\0\0\0\0\0°0\0Tahoma\0F\0K\0_\0A\0m\0e\0n\0z\0i\0_\0P\0e\0r\0s\0o\0a\0n\0e\0\0\0)\0\0t@\0\0f\0\0t@\0\0f\0\0t@\0\0\Èûÿÿt@\0\0\0\0\0\0\0\0\0ððð\0\0\0\0\0\0\0\0\0\0\0\0\0\0\0\0\0\0\0\0\0\0\0\0\0\0\02\0\0#A\0\0·\0\0S\0\01\0\0\0\0\0\0\0·\0\0S\0\0\0\0\0\0\0\0\0€\0\0€\0\0\0\0\0\0\0°0\0Tahoma\0F\0K\0_\0I\0m\0p\0o\0z\0i\0t\0e\0_\0P\0e\0r\0s\0o\0a\0n\0e\0\0\0–K\0\0-\0\0“D\0\0-\0\0\0\0\0\0\0\0\0ððð\0\0\0\0\0\0\0\0\0\0\0\0\0\0\0\0\0\0\0\0\n\0\0\0\0\0\0\0/A\0\0+\0\0k\0\0S\0\06\0\0\0\0\0\0\0k\0\0S\0\0\0\0\0\0\0\0\0€\0\0€\0\0\0\0\0\0\0°0\0Tahoma\Z\0F\0K\0_\0P\0e\0r\0s\0o\0a\0n\0e\0_\0A\0c\0t\0e\0I\0d\0e\0n\0t\0i\0t\0a\0t\0e\0!C4\0\0\0m\0\0K\0\0xV4\0\0\0\0\0P\0e\0r\0s\0o\0a\0n\0e\0P\0r\0o\0p\0r\0i\0e\0t\0a\0t\0i\0\0\02\0-\01\0-\06\08\02\09\06\01\01\05\03\0-\01\01\01\09\06\04\09\04\03\09\0-\07\07\08\09\09\03\03\03\00\0-\03\01\08\00\03\04\09\04\05\09\0\\\0S\0O\0F\0T\0W\0A\0R\0E\0\\\0M\0i\0c\0r\0o\0s\0o\0f\0t\0\\\0S\0Q\0L\0 \0S\0e\0r\0v\0e\0r\0 \0M\0a\0n\0a\0g\0e\0m\0e\0n\0t\0 \0S\0t\0u\0d\0i\0o\0\\\01\02\0.\00\0_\0\0\0\0\0\0\0\0\0\0\0\0\0\0\0\0\0T\0\0\0,\0\0\0,\0\0\0,\0\0\04\0\0\0\0\0\0\0\0\0\0\04\0\0•\0\0\0\0\0\0-\0\0\0\0\0\0\0\0\0\0\0\0\0ˆ\0\0l	\0\0H\0\0,\0\0\è\0\0<\0\0H\0\0À\0\0H\0\0ø\0\0p\0\0\0\0\0\0\0\0\0m\0\0K\0\0\0\0\0\0\0\0\0\0\0\0\0\0\0\0\0\0\0\0\\\r\0\0\0\0\0\0\0\0\0:\0\00\0\0\0\0\0\0\0\0\0\0\0\0\0\0\0\0\0\0\0\0ˆ\0\0\0\0\0\0\0\0\0:\0\0¹\0\0\0\0\0\0\0\0\0\0\0\0\0\0\0\0\0\0\0\0\0\0ˆ\0\0\0\0\0\0\0\0\0\0+?\0\0ú\"\0\0\0\0\0\0\0\0\0\0\r\0\0\0\0\0\0\0\0\0\0\0ˆ\0\0¤\r\0\0X\0\0xV4\0\0\0p\0\0\0\0\0\0\0\0\0\0\0\0\0\0\0\0\0\0\0\0\0\0\0\0\0\0\0\0\0\0\0\0\0\0\0\0\0\0\0\0	\0\0\0\n\0\0\0\0\0\0d\0b\0o\0\0\0\0\0\0P\0e\0r\0s\0o\0a\0n\0e\0P\0r\0o\0p\0r\0i\0e\0t\0a\0t\0i\0\0\0\0\0)\0\0\ê$\0\0\Å\0\0\ê$\0\0\0\0\0\0\0\0\0ððð\0\0\0\0\0\0\0\0\0\0\0\0\0\0\0\0\0\0\0\0\0\0\0\0\0\0\0²\Z\0\0\è\"\0\0d\0\0S\0\02\0\0\0\0\0\0\0d\0\0S\0\0\0\0\0\0\0ÿÿÿ\0\0\0€\0\0\0\0\0\0\0°0\0Tahoma\0F\0K\0_\0P\0e\0r\0s\0o\0a\0n\0e\0P\0r\0o\0p\0r\0i\0e\0t\0a\0t\0i\0_\0P\0e\0r\0s\0o\0a\0n\0e\0!C4\0\0\0\0\0~\0\0xV4\0\0\0\0\0P\0r\0o\0p\0r\0i\0e\0t\0a\0t\0i\0\0\0E\0R\0\\\0S\0-\01\0-\01\02\0-\01\0-\06\08\02\09\06\01\01\05\03\0-\01\01\01\09\06\04\09\04\03\09\0-\07\07\08\09\09\03\03\03\00\0-\03\01\08\00\03\04\09\04\05\09\0\\\0S\0O\0F\0T\0W\0A\0R\0E\0\\\0M\0i\0c\0r\0o\0s\0o\0f\0t\0\\\0S\0Q\0L\0 \0S\0e\0r\0v\0e\0r\0 \0M\0a\0n\0a\0g\0e\0m\0e\0n\0t\0 \0S\0t\0u\0d\0i\0o\0\\\01\02\0.\00\0_\0\0\0\0\0\0\0\0\0\0\0\0\0\0\0\0\0T\0\0\0,\0\0\0,\0\0\0,\0\0\04\0\0\0\0\0\0\0\0\0\0\04\0\0G\0\0\0\0\0\0-\0\0\n\0\0\0\0\0\0\0\0\0\0\0ˆ\0\0l	\0\0H\0\0,\0\0\è\0\0<\0\0H\0\0À\0\0H\0\0ø\0\0p\0\0\0\0\0\0\0\0\0\0\0~\0\0\0\0\0\0\0\0\0\0\0\0\0\0\0\0\0\0\0\0h\r\0\0\0\0\0\0\0\0\0:\0\0ô\0\0\0\0\0\0\0\0\0\0\0\0\0\0\0\0\0\0\0\0ˆ\0\0\0\0\0\0\0\0\0:\0\0¹\0\0\0\0\0\0\0\0\0\0\0\0\0\0\0\0\0\0\0\0\0\0ˆ\0\0\0\0\0\0\0\0\0\0+?\0\0ú\"\0\0\0\0\0\0\0\0\0\0\r\0\0\0\0\0\0\0\0\0\0\0ˆ\0\0¤\r\0\0X\0\0xV4\0\0\0`\0\0\0\0\0\0\0\0\0\0\0\0\0\0\0\0\0\0\0\0\0\0\0\0\0\0\0\0\0\0\0\0\0\0\0\0\0\0\0\0	\0\0\0\n\0\0\0\0\0\0d\0b\0o\0\0\0\0\0\0P\0r\0o\0p\0r\0i\0e\0t\0a\0t\0i\0\0\0\0\0\ìûÿÿ€%\0\0X\0\0€%\0\0\0\0\0\0\0\0\0ððð\0\0\0\0\0\0\0\0\0\0\0\0\0\0\0\0\0\0\0\0\0\0\0\0\0\0\0-öÿÿ~#\0\0\ï\0\0S\0\02\0\0\0\0\0\0\0\ï\0\0S\0\0\0\0\0\0\0ÿÿÿ\0\0\0€\0\0\0\0\0\0\0°0\0Tahoma\"\0F\0K\0_\0P\0e\0r\0s\0o\0a\0n\0e\0P\0r\0o\0p\0r\0i\0e\0t\0a\0t\0i\0_\0P\0r\0o\0p\0r\0i\0e\0t\0a\0t\0i\0\0\0\Þôÿÿr4\0\0\ÞôÿÿH?\0\0\0\0\0\0\0\0\0ððð\0\0\0\0\0\0\0\0\0\0\0\0\0\0\0\0\0\0\0\0\0\0\0\0\0\0\0õÿÿ\Õ8\0\0B\0\0S\0\0.\0\0\0\0\0\0\0B\0\0S\0\0\0\0\0\0\0ÿÿÿ\0\0\0€\0\0\0\0\0\0\0°0\0Tahoma\0F\0K\0_\0I\0m\0p\0o\0z\0i\0t\0e\0_\0P\0r\0o\0p\0r\0i\0e\0t\0a\0t\0i\0\0\0\0\0\0\0\0\0\0\0\0\0\0\0\0\0\0\0\0\0\0\0\0\0\0\0\0\0\0\0\0\0\0\0\0\0\0\0\0\0\0\0\0\0\0\0\0\0\0\0\0\0\0\0\0\0\0\0\0\0\0\0\0\0\0\0\0\0\0\0\0\0\0\0\0\0\0\0\0\0\0\0\0\0\0\0\0\0\0\0\0\0\0\0\0\0\0\0\0\0\0\0\0\0\0\0\0\0\0\0\0\0\0\0\0\0\0\0\0\0\0\0\0\0\0\0\0\0\0\0\0\0\0\0\0\0\0\0\0\0\0\0\0\0\0\0\0\0\0\0\0\0\0\0\0\0\0\0\0\0\0\0\0\0\0\0\0\0\0\0\0\0\0\0\0\0\0\0\0\0\0\0\0\0\0\0\0\0\0\0\0\0\0\0\0\0\0\0\0\0\0\0\0\0\0\0\0\0\0\0\0\0\0\0\0\0\0\0\0\0\0\0\0\0\0\0\0\0\0\0\0\0\0\0\0\0\0\0\0\0\0\0\0\0\0\0\0\0\0\0\0\0\0\0\0\0\0\0\0\0\0\0\0\0\0\0\0\0\0\0\0\0\0\0\0\0\0\0\0\0\0\0\0\0\0\0\0\0\0\0\0\0\0\0\0\0\0\0\0\0\0\0\0\0\0\0\0\0\0\0\0\0\0\0\0\0\0\0\0\0\0\0\0\0\0\0\0\0\0\0\0\0\0\0\0\0\0\0\0\0\0\0\0\0\0\0\0\0\0\0\0\0\0\0\0\0\0\0\0\0\0\0\0\0\0\0\0\0\0\0\0\0\0\0\0\0\0\0\0\0\0\0\0\0\0\0\0\0\0\0\0\0\0\0\0\0\0\0\0\0\0\0\0\0\0\0\0\0\0\0\0\0\0\0\0\0\0\0\0\0\0\0\0\0\0\0\0\0\0\0\0\0\0\0\0D\0d\0s\0S\0t\0r\0e\0a\0m\0\0\0\0\0\0\0\0\0\0\0\0\0\0\0\0\0\0\0\0\0\0\0\0\0\0\0\0\0\0\0\0\0\0\0\0\0\0\0\0\0\0\0\0\0\0\0\0\0\0\0\0\0ÿÿÿÿ\0\0\0\0\0\0\0\0\0\0\0\0\0\0\0\0\0\0\0\0\0\0\0\0\0\0\0\0\0\0\0\0\0\0\0\0\0\0\0„\0\0\0\0\0\0S\0c\0h\0e\0m\0a\0 \0U\0D\0V\0 \0D\0e\0f\0a\0u\0l\0t\0\0\0\0\0\0\0\0\0\0\0\0\0\0\0\0\0\0\0\0\0\0\0\0\0\0\0\0\0&\0\0ÿÿÿÿÿÿÿÿÿÿÿÿ\0\0\0\0\0\0\0\0\0\0\0\0\0\0\0\0\0\0\0\0\0\0\0\0\0\0\0\0\0\0\0\0\0\0\0\0\0\0\0\0\0\0\0\0\0\0D\0S\0R\0E\0F\0-\0S\0C\0H\0E\0M\0A\0-\0C\0O\0N\0T\0E\0N\0T\0S\0\0\0\0\0\0\0\0\0\0\0\0\0\0\0\0\0\0\0\0\0\0\0,\0\0\0\0\0\0\0ÿÿÿÿ\0\0\0\0\0\0\0\0\0\0\0\0\0\0\0\0\0\0\0\0\0\0\0\0\0\0\0\0\0\0\0\0\0\0\0\0\0\0\0v\0\0\0\0\0\0S\0c\0h\0e\0m\0a\0 \0U\0D\0V\0 \0D\0e\0f\0a\0u\0l\0t\0 \0P\0o\0s\0t\0 \0V\06\0\0\0\0\0\0\0\0\0\0\0\0\06\0\0ÿÿÿÿÿÿÿÿÿÿÿÿ\0\0\0\0\0\0\0\0\0\0\0\0\0\0\0\0\0\0\0\0\0\0\0\0\0\0\0\0\0\0\0\0\0\0\0\0+\0\0\0\0\0\0\0\0\0\0\0\0\0ò\Õÿÿ¥\0\0\0&\0\0\0s\0c\0h\0_\0l\0a\0b\0e\0l\0s\0_\0v\0i\0s\0i\0b\0l\0e\0\0\0\0\0\0\0\0\0\0\0\0\0\0\0\0\0\0\0\0\0\0\0\0\0\0\0\0d\0\0\0\0\0\0\0\0\0\0\0\0\0\0\0\0\0\0\0\0\0\0\0\0\0\0\0\0\0\0\0\0\0\0\0\0\0\0\0\0\0\0\0\0\0\0\0\Ð\0\0\0(\0\0\0A\0c\0t\0i\0v\0e\0T\0a\0b\0l\0e\0V\0i\0e\0w\0M\0o\0d\0e\0\0\0\0\0\0\0\0\0\01\0\0\0 \0\0\0T\0a\0b\0l\0e\0V\0i\0e\0w\0M\0o\0d\0e\0:\00\0\0\0\0\0\0\0:\0\0\04\0,\00\0,\02\08\04\0,\00\0,\02\09\05\02\0,\01\0,\02\04\01\02\0,\05\0,\01\05\09\06\0\0\0 \0\0\0T\0a\0b\0l\0e\0V\0i\0e\0w\0M\0o\0d\0e\0:\01\0\0\0\0\0\0\0\0\0\02\0,\00\0,\02\08\04\0,\00\0,\03\04\03\02\0\0\0 \0\0\0T\0a\0b\0l\0e\0V\0i\0e\0w\0M\0o\0d\0e\0:\02\0\0\0\0\0\0\0\0\0\02\0,\00\0,\02\08\04\0,\00\0,\02\09\05\02\0\0\0 \0\0\0T\0a\0b\0l\0e\0V\0i\0e\0w\0M\0o\0d\0e\0:\03\0\0\0\0\0\0\0\0\0\02\0,\00\0,\02\08\04\0,\00\0,\02\09\05\02\0\0\0 \0\0\0T\0a\0b\0l\0e\0V\0i\0e\0w\0M\0o\0d\0e\0:\04\0\0\0\0\0\0\0>\0\0\04\0,\00\0,\02\08\04\0,\00\0,\02\09\05\02\0,\01\02\0,\03\04\09\02\0,\01\01\0,\02\01\03\06\0\0\0\0\0\0\0\0\0\0\0\0\0\0\0\0\0\0\0\0\0\0\0\0\0\Ð\0\0\0(\0\0\0A\0c\0t\0i\0v\0e\0T\0a\0b\0l\0e\0V\0i\0e\0w\0M\0o\0d\0e\0\0\0\0\0\0\0\0\0\01\0\0\0 \0\0\0T\0a\0b\0l\0e\0V\0i\0e\0w\0M\0o\0d\0e\0:\00\0\0\0\0\0\0\0:\0\0\04\0,\00\0,\02\08\04\0,\00\0,\02\09\05\02\0,\01\0,\02\04\01\02\0,\05\0,\01\05\09\06\0\0\0 \0\0\0T\0a\0b\0l\0e\0V\0i\0e\0w\0M\0o\0d\0e\0:\01\0\0\0\0\0\0\0\0\0\02\0,\00\0,\02\08\04\0,\00\0,\03\04\03\02\0\0\0 \0\0\0T\0a\0b\0l\0e\0V\0i\0e\0w\0M\0o\0d\0e\0:\02\0\0\0\0\0\0\0\0\0\02\0,\00\0,\02\08\04\0,\00\0,\02\09\05\02\0\0\0 \0\0\0T\0a\0b\0l\0e\0V\0i\0e\0w\0M\0o\0d\0e\0:\03\0\0\0\0\0\0\0\0\0\02\0,\00\0,\02\08\04\0,\00\0,\02\09\05\02\0\0\0 \0\0\0T\0a\0b\0l\0e\0V\0i\0e\0w\0M\0o\0d\0e\0:\04\0\0\0\0\0\0\0>\0\0\04\0,\00\0,\02\08\04\0,\00\0,\02\09\05\02\0,\01\02\0,\03\04\09\02\0,\01\01\0,\02\01\03\06\0\0\0\0\0\0\0\0\0\0\0\0\0\0\0\0\0\0\0\0\0\0\0\0\0\Ð\0\0\0(\0\0\0A\0c\0t\0i\0v\0e\0T\0a\0b\0l\0e\0V\0i\0e\0w\0M\0o\0d\0e\0\0\0\0\0\0\0\0\0\01\0\0\0 \0\0\0T\0a\0b\0l\0e\0V\0i\0e\0w\0M\0o\0d\0e\0:\00\0\0\0\0\0\0\0:\0\0\04\0,\00\0,\02\08\04\0,\00\0,\02\09\05\02\0,\01\0,\02\04\01\02\0,\05\0,\01\05\09\06\0\0\0 \0\0\0T\0a\0b\0l\0e\0V\0i\0e\0w\0M\0o\0d\0e\0:\01\0\0\0\0\0\0\0\0\0\02\0,\00\0,\02\08\04\0,\00\0,\03\04\02\00\0\0\0 \0\0\0T\0a\0b\0l\0e\0V\0i\0e\0w\0M\0o\0d\0e\0:\02\0\0\0\0\0\0\0\0\0\02\0,\00\0,\02\08\04\0,\00\0,\02\09\05\02\0\0\0 \0\0\0T\0a\0b\0l\0e\0V\0i\0e\0w\0M\0o\0d\0e\0:\03\0\0\0\0\0\0\0\0\0\02\0,\00\0,\02\08\04\0,\00\0,\02\09\05\02\0\0\0 \0\0\0T\0a\0b\0l\0e\0V\0i\0e\0w\0M\0o\0d\0e\0:\04\0\0\0\0\0\0\0>\0\0\04\0,\00\0,\02\08\04\0,\00\0,\02\09\05\02\0,\01\02\0,\03\04\09\02\0,\01\01\0,\02\01\03\06\0\0\0\0\0\0\0\0\0\0\0\0\0\0\0\0\0\0\0\0\0\0\0\0\0\Ð\0\0\0(\0\0\0A\0c\0t\0i\0v\0e\0T\0a\0b\0l\0e\0V\0i\0e\0w\0M\0o\0d\0e\0\0\0\0\0\0\0\0\0\01\0\0\0 \0\0\0T\0a\0b\0l\0e\0V\0i\0e\0w\0M\0o\0d\0e\0:\00\0\0\0\0\0\0\0:\0\0\04\0,\00\0,\02\08\04\0,\00\0,\02\09\05\02\0,\01\0,\02\04\01\02\0,\05\0,\01\05\09\06\0\0\0 \0\0\0T\0a\0b\0l\0e\0V\0i\0e\0w\0M\0o\0d\0e\0:\01\0\0\0\0\0\0\0\0\0\02\0,\00\0,\02\08\04\0,\00\0,\03\04\03\02\0\0\0 \0\0\0T\0a\0b\0l\0e\0V\0i\0e\0w\0M\0o\0d\0e\0:\02\0\0\0\0\0\0\0\0\0\02\0,\00\0,\02\08\04\0,\00\0,\02\09\05\02\0\0\0 \0\0\0T\0a\0b\0l\0e\0V\0i\0e\0w\0M\0o\0d\0e\0:\03\0\0\0\0\0\0\0\0\0\02\0,\00\0,\02\08\04\0,\00\0,\02\09\05\02\0\0\0 \0\0\0T\0a\0b\0l\0e\0V\0i\0e\0w\0M\0o\0d\0e\0:\04\0\0\0\0\0\0\0>\0\0\04\0,\00\0,\02\08\04\0,\00\0,\02\09\05\02\0,\01\02\0,\03\04\09\02\0,\01\01\0,\02\01\03\06\0\0\0\0\0\0\0\0\0\0\0\0\06\0\0\0ÐŸ\n\0\0\0d\0b\0o\0\0\0F\0K\0_\0A\0m\0e\0n\0z\0i\0_\0P\0e\0r\0s\0o\0a\0n\0e\0\0\0\0\0\0\0\0\0\0\0\Ä\0\0\0\0\0\0\0\0\0\0\0\0\0\0\0\0\\½À\\½\0\0\0\0\0\0\0\0­\0\0\0\0\0\0\0\0\0\0\0\0\0\0\0:\0\0\0j˜^\0\0\0d\0b\0o\0\0\0F\0K\0_\0I\0m\0p\0o\0z\0i\0t\0e\0_\0P\0e\0r\0s\0o\0a\0n\0e\0\0\0\0\0\0\0\0\0\0\0\Ä\0\0\0\0\0\0\0\0\0\0\0\0\0\0\0\0_½@_½\0\0\0\0\0\0\0\0­\0\0\0\0\0	\0\0\0	\0\0\0\0\0\0\0F\0\0\0\0\Í\0\0\0d\0b\0o\0\0\0F\0K\0_\0P\0e\0r\0s\0o\0a\0n\0e\0_\0A\0c\0t\0e\0I\0d\0e\0n\0t\0i\0t\0a\0t\0e\0\0\0\0\0\0\0\0\0\0\0\Ä\0\0\0\0\n\0\0\0\n\0\0\0	\0\0\0\0\0\0]½\0]½\0\0\0\0\0\0\0\0­\0\0\0\0\0\r\0\0\0\r\0\0\0\0\0\0\0\0\0\0\0\0\0\0\0\0\0\0\0\Ð\0\0\0(\0\0\0A\0c\0t\0i\0v\0e\0T\0a\0b\0l\0e\0V\0i\0e\0w\0M\0o\0d\0e\0\0\0\0\0\0\0\0\0\01\0\0\0 \0\0\0T\0a\0b\0l\0e\0V\0i\0e\0w\0M\0o\0d\0e\0:\00\0\0\0\0\0\0\0:\0\0\04\0,\00\0,\02\08\04\0,\00\0,\02\09\05\02\0,\01\0,\02\04\01\02\0,\05\0,\01\05\09\06\0\0\0 \0\0\0T\0a\0b\0l\0e\0V\0i\0e\0w\0M\0o\0d\0e\0:\01\0\0\0\0\0\0\0\0\0\02\0,\00\0,\02\08\04\0,\00\0,\03\04\02\00\0\0\0 \0\0\0T\0a\0b\0l\0e\0V\0i\0e\0w\0M\0o\0d\0e\0:\02\0\0\0\0\0\0\0\0\0\02\0,\00\0,\02\08\04\0,\00\0,\02\09\05\02\0\0\0 \0\0\0T\0a\0b\0l\0e\0V\0i\0e\0w\0M\0o\0d\0e\0:\03\0\0\0\0\0\0\0\0\0\02\0,\00\0,\02\08\04\0,\00\0,\02\09\05\02\0\0\0 \0\0\0T\0a\0b\0l\0e\0V\0i\0e\0w\0M\0o\0d\0e\0:\04\0\0\0\0\0\0\0>\0\0\04\0,\00\0,\02\08\04\0,\00\0,\02\09\05\02\0,\01\02\0,\03\04\09\02\0,\01\01\0,\02\01\03\06\0\0\0\0\0\0\0\0\0\0\0\0\0P\0\0\0\0x\0\0\0\0d\0b\0o\0\0\0F\0K\0_\0P\0e\0r\0s\0o\0a\0n\0e\0P\0r\0o\0p\0r\0i\0e\0t\0a\0t\0i\0_\0P\0e\0r\0s\0o\0a\0n\0e\0\0\0\0\0\0\0\0\0\0\0\Ä\0\0\0\0\0\0\0\0\0\0\0\0\0\0\0\0Z½€Z½\0\0\0\0\0\0\0\0­\0\0\0\0\0\0\0\0\0\0\0\0\0\0\0\0\0\0\0\0\0\0\0\0\0\0\0\Ð\0\0\0(\0\0\0A\0c\0t\0i\0v\0e\0T\0a\0b\0l\0e\0V\0i\0e\0w\0M\0o\0d\0e\0\0\0\0\0\0\0\0\0\01\0\0\0 \0\0\0T\0a\0b\0l\0e\0V\0i\0e\0w\0M\0o\0d\0e\0:\00\0\0\0\0\0\0\0:\0\0\04\0,\00\0,\02\08\04\0,\00\0,\02\09\05\02\0,\01\0,\02\04\01\02\0,\05\0,\01\05\09\06\0\0\0 \0\0\0T\0a\0b\0l\0e\0V\0i\0e\0w\0M\0o\0d\0e\0:\01\0\0\0\0\0\0\0\0\0\02\0,\00\0,\02\08\04\0,\00\0,\03\04\03\02\0\0\0 \0\0\0T\0a\0b\0l\0e\0V\0i\0e\0w\0M\0o\0d\0e\0:\02\0\0\0\0\0\0\0\0\0\02\0,\00\0,\02\08\04\0,\00\0,\02\09\05\02\0\0\0 \0\0\0T\0a\0b\0l\0e\0V\0i\0e\0w\0M\0o\0d\0e\0:\03\0\0\0\0\0\0\0\0\0\02\0,\00\0,\02\08\04\0,\00\0,\02\09\05\02\0\0\0 \0\0\0T\0a\0b\0l\0e\0V\0i\0e\0w\0M\0o\0d\0e\0:\04\0\0\0\0\0\0\0>\0\0\04\0,\00\0,\02\08\04\0,\00\0,\02\09\05\02\0,\01\02\0,\03\04\09\02\0,\01\01\0,\02\01\03\06\0\0\0\0\0\0\0\0\0\0\0\0\0V\0\0\0\0\0\0\0\0\0d\0b\0o\0\0\0F\0K\0_\0P\0e\0r\0s\0o\0a\0n\0e\0P\0r\0o\0p\0r\0i\0e\0t\0a\0t\0i\0_\0P\0r\0o\0p\0r\0i\0e\0t\0a\0t\0i\0\0\0\0\0\0\0\0\0\0\0\Ä\0\0\0\0\0\0\0\0\0\0\0\0\0\0\0\0Z½ÀZ½\0\0\0\0\0\0\0\0­\0\0\0\0\0\0\0\0\0\0\0\0\0\0\0@\0\0\04µ\0\0\0d\0b\0o\0\0\0F\0K\0_\0I\0m\0p\0o\0z\0i\0t\0e\0_\0P\0r\0o\0p\0r\0i\0e\0t\0a\0t\0i\0\0\0\0\0\0\0\0\0\0\0\Ä\0\0\0\0\0\0\0\0\0\0\0\0\0\0\0\0Z½@Z½\0\0\0\0\0\0\0\0­\0\0\0\0\0\0\0\0	\0\0\0\0\0\0\0\0\0\\\0\0\0›\0\0\0\0\0\0\0\0\0\0\0\0-\0\0\0.\0\0\0\0\0\0\0\0\0\0\0\0\Ü\0\0\0_\0\0\0\0\0\0\0\0\0\r\0\0\0~\0\0\0}\0\0\0\0\0\0\0\0\0\r\0\0\0\0\0\0~\0\0\0\0\0\0\0\0\0\0\0\0E\0\0\0D\0\0\0\0\0\0\0\0\0\0\0\0\0\0\0\0\0\0\0\0\0\0\0\0\0\0\0\0\0\0\0\0\0\0\0\0\0\0\0\0\0\0\0\0\0\0\0\0\0\0\0\0\0\0\0\0\0\0\0\0\0\0\0\0\0\0\0\0\0\0\0\0\0\0\0\0\0\0\0\0\0\0\0\0\0\0\0\0\0\0\0\0\0\0\0\0\0\0\0\0\0\0\0\0\0\0\0\0\0\0\0\0\0\0\0\0\0\0\0\0\0\0\0\0\0\0\0\0\0\0\0\0\0\0\0\0\0\0\0\0\0\0\0\0\0\0\0\0\0\0\0\0\0\0\0\0\0\0\0\0\0\0\0\0\0\0\0\0\0\0\0\0\0\0\0\0\0\0\0\0\0\0\0\0\0\0\0\0\0\0\0\0\0\0\0\0\0\0\0\0\0\0\0\0\0\0\0\0\0\0\0\0\0\0\0\0\0\0\0\0\0\0\0\0\0\0\0\0\0\0\0\0\0\0\0\0\0\0\0\0\0\0\0\0\0\0\0\0\0\0\0\0\0\0\0\0\0\0\0\0\0\0\0\0\0\0\0\0\0\0\0\0\0\0\0\0\0\0\0\0\0\0\0\0\0\0\0\0\0\0\0\0\0\0\0\0\0\0\0\0\0\0\0\0\0\0\0\0\0\0\0\0\0\0\0\0\0\0\0\0\0\0\0\0\0\0\0\0\0\0\0\0\0\0\0\0\0\0\0\0\0\0\0\0\0\0\0\0\0\0\0\0\0\0\0\0\0\0\0\0\0\0\0\0\0\0\0\0\0\0\0\0\0\0\0\0\0\0\0\0\0\0\0a\0t\0i\0e\0i\0;\0P\0e\0r\0s\0i\0s\0t\0 \0S\0e\0c\0u\0r\0i\0t\0y\0 \0I\0n\0f\0o\0=\0T\0r\0u\0e\0;\0U\0s\0e\0r\0 \0I\0D\0=\0s\0a\0;\0M\0u\0l\0t\0i\0p\0l\0e\0A\0c\0t\0i\0v\0e\0R\0e\0s\0u\0l\0t\0S\0e\0t\0s\0=\0F\0a\0l\0s\0e\0;\0P\0a\0c\0k\0e\0t\0 \0S\0i\0z\0e\0=\04\00\09\06\0;\0A\0p\0p\0l\0i\0c\0a\0t\0i\0o\0n\0 \0N\0a\0m\0e\0=\0\"\0M\0i\0c\0r\0o\0s\0o\0f\0t\0 \0S\0Q\0L\0 \0S\0e\0r\0v\0e\0r\0 \0M\0a\0n\0a\0g\0e\0m\0e\0n\0t\0 \0S\0t\0u\0d\0i\0o\0\"\0\0\0\0€\0\0\0\0D\0i\0a\0g\0r\0a\0m\0a\0\0\0\0&\0\0\0\0P\0r\0o\0p\0r\0i\0e\0t\0a\0t\0i\0\0\0\0\0\0d\0b\0o\0\0\0\0&\0(\0\0\0P\0e\0r\0s\0o\0a\0n\0e\0P\0r\0o\0p\0r\0i\0e\0t\0a\0t\0i\0\0\0\0\0\0d\0b\0o\0\0\0\0&\0\0\0\0P\0e\0r\0s\0o\0a\0n\0e\0\0\0\0\0\0d\0b\0o\0\0\0\0&\0\0\0\0I\0m\0p\0o\0z\0i\0t\0e\0\0\0\0\0\0d\0b\0o\0\0\0\0&\0\0\0\0A\0m\0e\0n\0z\0i\0\0\0\0\0\0d\0b\0o\0\0\0\0$\0\0\0\0A\0c\0t\0e\0I\0d\0e\0n\0t\0i\0t\0a\0t\0e\0\0\0\0\0\0d\0b\0o\0\0\0\0\0\0Ö…	³»kòEš¸7dð2p\0N\0\0\0{\01\06\03\04\0C\0D\0D\07\0-\00\08\08\08\0-\04\02\0E\03\0-\09\0F\0A\02\0-\0B\06\0D\03\02\05\06\03\0B\09\01\0D\0}\0\0\0\0\0\0\0\0\0\0\0\0\0\0\0\0\0\0\0\0\0\0\0\0\0\0\0\0\0\0\0\0\0\0\0\0\0\0\0\0\0\0\0\0\0\0\0\0\0\0\0\0\0\0\0\0\0\0\0\0\0\0\0\0\0\0\0\0\0\0\0\0\0\0\0\0\0\0\0\0\0\0\0\0\0\0\0\0\0\0\0\0\0\0\0\0\0\0\0\0\0\0\0\0\0\0\0\0\0\0\0\0\0\0\0\0\0\0\0\0\0\0\0\0\0\0\0\0\0\0\0\0\0\0\0\0\0\0\0\0\0\0\0\0\0\0\0\0\0\0\0\0\0\0\0\0\0\0\0\0\0\0\0\0\0\0\0\0\0\0\0\0\0\0\0\0\0\0\0\0\0\0\0\0\0\0\0\0\0\0\0\0\0\0\0\0\0\0\0\0\0\0\0\0\0\0\0\0\0\0\0\0\0\0\0\0\0\0\0\0\0\0\0\0\0\0\0\0\0\0\0\0\0\0\0\0\0\0\0\0\0\0\0\0\0\0\0\0\0\0\0\0\0\0\0\0\0\0\0\0\0\0\0\0\0\0\0\0\0\0\0\0\0\0\0\0\0\0\0\0\0\0\0\0\0\0\0\0\0\0\0\0\0\0\0\0\0\0\0\0\0\0\0\0\0\0\0\0\0\0\0\0\0\0\0\0\0\0\0\0\0\0\0\0\0\0\0\0\0bˆR');
/*!40000 ALTER TABLE `sysdiagrams` ENABLE KEYS */;
UNLOCK TABLES;

--
-- Table structure for table `utilizatori`
--

DROP TABLE IF EXISTS `utilizatori`;
/*!40101 SET @saved_cs_client     = @@character_set_client */;
/*!50503 SET character_set_client = utf8mb4 */;
CREATE TABLE `utilizatori` (
  `id` int NOT NULL AUTO_INCREMENT,
  `username` varchar(63) NOT NULL,
  `pass` varchar(255) DEFAULT NULL,
  `isAdmin` tinyint(1) NOT NULL DEFAULT '0',
  PRIMARY KEY (`id`),
  UNIQUE KEY `username` (`username`)
) ENGINE=InnoDB AUTO_INCREMENT=36 DEFAULT CHARSET=utf8mb4 COLLATE=utf8mb4_0900_ai_ci;
/*!40101 SET character_set_client = @saved_cs_client */;

--
-- Dumping data for table `utilizatori`
--

LOCK TABLES `utilizatori` WRITE;
/*!40000 ALTER TABLE `utilizatori` DISABLE KEYS */;
INSERT INTO `utilizatori` VALUES (1,'admin','$2y$10$1bFWpZbubU0jWG8szInq3OAbB.548Z2/6IzM5Oj719QD1cwHeEl7i',1),(31,'stefan.nastase','$2y$10$GKzSYaxP49L9YuGjTp54vu3vXOVX4OurtDIqKnz73NXhHTJ6IPtn2',0),(32,'mihai.ionescu','$2y$10$xRn2i./Alue/dpy8/elQAO0rfGZ9HjvbAMC.IYQvK/yu/wQq1G0Si',0),(33,'ana.popescu','$2y$10$KqNx.5Bi/wh07YweEKcpZeeIC8JwrHbPgFw9K2R49pjdHRwvLr5aG',0),(34,'maria.iliescu','$2y$10$wR0KHwl2cA5ODmYQ/ORi2ez129K.rwyjcySHYuqOMralxrpzNHZC.',0);
/*!40000 ALTER TABLE `utilizatori` ENABLE KEYS */;
UNLOCK TABLES;
/*!40103 SET TIME_ZONE=@OLD_TIME_ZONE */;

/*!40101 SET SQL_MODE=@OLD_SQL_MODE */;
/*!40014 SET FOREIGN_KEY_CHECKS=@OLD_FOREIGN_KEY_CHECKS */;
/*!40014 SET UNIQUE_CHECKS=@OLD_UNIQUE_CHECKS */;
/*!40101 SET CHARACTER_SET_CLIENT=@OLD_CHARACTER_SET_CLIENT */;
/*!40101 SET CHARACTER_SET_RESULTS=@OLD_CHARACTER_SET_RESULTS */;
/*!40101 SET COLLATION_CONNECTION=@OLD_COLLATION_CONNECTION */;
/*!40111 SET SQL_NOTES=@OLD_SQL_NOTES */;

-- Dump completed on 2022-01-21 15:01:04
